{"btc":{"usd_price":10915.01,"difficulty":2227847638503.628,"block_reward":12.5,"price_per_hash":0.22},"eth":{"usd_price":1031.33,"difficulty":2495112320644908,"block_reward":3,"price_per_hash":0.022},"zec":{"usd_price":454.18,"difficulty":6647126.66535075,"block_reward":12.5,"price_per_hash":0.002},"ltc":{"usd_price":177.21,"difficulty":3714484.532401808,"block_reward":25,"price_per_hash":7.5}}