{"btc":{"usd_price":11156,"difficulty":2603077300218.593,"block_reward":12.5,"price_per_hash":0.22},"eth":{"usd_price":1040,"difficulty":2446992046111188,"block_reward":3,"price_per_hash":0.022},"zec":{"usd_price":474,"difficulty":5874884.11630513,"block_reward":12.5,"price_per_hash":0.002},"ltc":{"usd_price":179.12,"difficulty":3731199.183374282,"block_reward":25,"price_per_hash":7.5}}