{"btc":{"usd_price":11261.01,"difficulty":2227847638503.628,"block_reward":12.5,"price_per_hash":0.22},"eth":{"usd_price":1040,"difficulty":2422227422376392,"block_reward":3,"price_per_hash":0.022},"zec":{"usd_price":454.74,"difficulty":7566308.92310233,"block_reward":12.5,"price_per_hash":0.002},"ltc":{"usd_price":181.28,"difficulty":3714484.532401808,"block_reward":25,"price_per_hash":7.5}}